{
   "Workflow": 
      [{
         "Node_1_IcclimProcessing":{
            "out_file": null,
            "slice_mode": "JJA",
            "user_indice": null,
            "indice_name": "SU",
            "in_files": [["https://b2drop.eudat.eu/s/Ab5KaFoszbMDHFj/download"],
               ["https://b2drop.eudat.eu/s/Ab5KaFoszbMDHFj/download"]],
            "var_name": "tasmax"
          },

         "Node_5_B2DROP":{
            "username": "7f64f56c-a286-48fe-bf74-96567edef0d2",
            "password": "wWEqq-Qondr-7ZmqZ-ZRKrs-idDHJ"
         }
       }],

   "PE":{"Block_1":{"Node_1":["IcclimProcessing()"],
         "Node_2":["AverageData()"]},
         "Block_2":{"Node_3":["CombineScenario()"],
         "Node_4":["PlotMultipleScenario()"],
         "Node_5":["B2DROP()"]}
      }
}
