{
    "Workflow": 
       [{
          "Node_1_IcclimProcessing":{
             "out_file": null,
             "slice_mode": "JJA",
             "user_indice": null,
             "indice_name": "SU",
             "in_files": [["https://esgdata.gfdl.noaa.gov/thredds/dodsC/gfdl_dataroot4/CMIP/NOAA-GFDL/GFDL-CM4/historical/r1i1p1f1/day/tas/gr1/v20180701/tas_day_GFDL-CM4_historical_r1i1p1f1_gr1_20100101-20141231.nc"],
                ["https://esgdata.gfdl.noaa.gov/thredds/dodsC/gfdl_dataroot4/CMIP/NOAA-GFDL/GFDL-CM4/historical/r1i1p1f1/day/tas/gr2/v20180701/tas_day_GFDL-CM4_historical_r1i1p1f1_gr2_20100101-20141231.nc"]],
             "var_name": "tas"
           },
 
          "Node_5_B2DROP":{
             "username": "7f64f56c-a286-48fe-bf74-96567edef0d2",
             "password": "wWEqq-Qondr-7ZmqZ-ZRKrs-idDHJ"
          }
        }],
 
    "PE":{"Block_1":{"Node_1":["IcclimProcessing()"],
          "Node_2":["AverageData()"]},
          "Block_2":{"Node_3":["CombineScenario()"],
          "Node_4":["PlotMultipleScenario()"],
          "Node_5":["B2DROP()"]}
       }
 }